﻿<?xml version="1.0" encoding="utf-8"?>
<manifest xmlns="http://tizen.org/ns/packages" api-version="5" package="com.example.HelloWorld.Skia.Tizen" version="1.0.0">
  <profile name="common" />
  <ui-application appid="com.example.HelloWorld.Skia.Tizen"
                  exec="HelloWorld.Skia.Tizen.dll"
                  type="dotnet"
                  multiple="false"
                  taskmanage="true"
                  nodisplay="false"
                  launch_mode="single">
    <label>HelloWorld.Skia.Tizen</label>
    <icon>Icon.png</icon>
    <metadata key="http://tizen.org/metadata/prefer_dotnet_aot" value="false" />
  </ui-application>
</manifest>
