{
  "images": [
    {
      "scale": "2x",
      "size": "29x29",
      "idiom": "iphone"
    },
    {
      "scale": "3x",
      "size": "29x29",
      "idiom": "iphone"
    },
    {
      "scale": "2x",
      "size": "40x40",
      "idiom": "iphone"
    },
    {
      "scale": "3x",
      "size": "60x60",
      "idiom": "iphone"
    },
    {
      "scale": "1x",
      "size": "20x20",
      "idiom": "ipad"
    },
    {
      "scale": "2x",
      "size": "20x20",
      "idiom": "ipad"
    },
    {
      "scale": "1x",
      "size": "29x29",
      "idiom": "ipad"
    },
    {
      "scale": "2x",
      "size": "29x29",
      "idiom": "ipad"
    },
    {
      "scale": "1x",
      "size": "40x40",
      "idiom": "ipad"
    },
    {
      "scale": "2x",
      "size": "40x40",
      "idiom": "ipad"
    },
    {
      "scale": "1x",
      "size": "76x76",
      "idiom": "ipad"
    },
    {
      "scale": "2x",
      "size": "20x20",
      "idiom": "iphone",
      "filename": "iPhone-20x20@2x.png"
    },
    {
      "scale": "3x",
      "size": "20x20",
      "idiom": "iphone",
      "filename": "iPhone-20x20@3x.png"
    },
    {
      "scale": "3x",
      "size": "40x40",
      "idiom": "iphone",
      "filename": "iPhone-40x40@3x.png"
    },
    {
      "scale": "2x",
      "size": "60x60",
      "idiom": "iphone",
      "filename": "iPhone-60x60@2x.png"
    },
    {
      "scale": "2x",
      "size": "76x76",
      "idiom": "ipad",
      "filename": "iPad-76x76@2x.png squaretile-sdk-ipad.png"
    },
    {
      "scale": "2x",
      "size": "83.5x83.5",
      "idiom": "ipad",
      "filename": "iPad-84x84@2x.png"
    },
    {
      "scale": "1x",
      "size": "1024x1024",
      "idiom": "ios-marketing",
      "filename": "ios-marketing-1024x1024@1x.png"
    }
  ],
  "properties": {},
  "info": {
    "version": 1,
    "author": "xcode"
  }
}